<?xml version="1.0" encoding="UTF-8"?>

<!-- ===================================================================== -->
<!--                                                                       -->
<!--  JBoss Server Configuration                                           -->
<!--                                                                       -->
<!-- ===================================================================== -->

<datasources>

	<local-tx-datasource>
      <jndi-name>${ont.ds.jndi.name}</jndi-name>      
      <driver-class>${db.driver}</driver-class>
      <connection-url>${db.url};port=${sqlserver.port};instanceName=${sqlserver.instanceName};DatabaseName=${db.project.meta.databasename}</connection-url>
      <user-name>${db.project.meta.username}</user-name>
      <password>${db.project.meta.password}</password>
      <metadata>
        <type-mapping>MS SQLSERVER2000</type-mapping>
      </metadata>
    </local-tx-datasource>

</datasources>