<?xml version="1.0" encoding="UTF-8"?>

<project name="i2b2 project install" basedir=".">

	<property environment="env" />

	<!-- =================================================================== -->
	<!-- 								INIT 								 -->
	<!-- =================================================================== -->
	<target name="init"  description="Prepare for build">
		<path id="classpath">
			<pathelement location="${proc.home}/lib/ojdbc-14.jar" />
			<pathelement location="${proc.home}/lib/sqljdbc-2005.jar"/>
		</path>
	</target>

	<!-- =================================================================== -->
	<!--            LOAD METADATA INTO ONTOLOGY CELL                         -->
	<!-- =================================================================== -->
	<target name="load_ontcell_metadata" depends="init">
		<echo message="Loading ontology cell metadata -- may take some time." />
		<sql driver="${db.driver}" 
			 url="${db.url};port=${sqlserver.port};instanceName=${sqlserver.instanceName};DatabaseName=${db.project.meta.databasename}" 
			 userid="${db.project.meta.username}" 
			 password="${db.project.meta.password}" 
			 classpathref="classpath" 
			 onerror="continue" 
			 print="true">			
			<!--+
			    | Meta data inserts...
			    +-->
			<fileset dir="${sql.dir}/${db.type}/ontcell">
				<include name="*.sql"/>
			</fileset>
		</sql>
	</target>
	
	<!-- =================================================================== -->
	<!--            LOAD METADATA INTO ONTOLOGY DIMENSION                    -->
	<!-- =================================================================== -->
	<target name="load_ontdim_metadata" depends="init">
		<echo message="Loading ontology dimension metadata -- may take some time." />
		<sql driver="${db.driver}" 
			 url="${db.url};port=${sqlserver.port};instanceName=${sqlserver.instanceName};DatabaseName=${db.project.data.databasename}" 
			 userid="${db.project.data.username}" 
			 password="${db.project.data.password}" 
			 classpathref="classpath" 
			 onerror="continue" 
			 print="true">			
			<!--+
			    | Meta data inserts...
			    +-->
			<fileset dir="${sql.dir}/${db.type}/ontdim">
				<include name="*.sql"/>
			</fileset>
		</sql>
	</target>
	
</project>